generator,file,n,mean,stdev,cv_%,chi2,df,chi2_crit_5%,uniform_pass_5%
LCG_Xor,sample_00.txt,1000,2516.303,1467.7515,58.3297,18.32,19,30.144,True
LCG_Xor,sample_01.txt,1000,2526.611,1476.0844,58.4215,20.32,19,30.144,True
LCG_Xor,sample_02.txt,1000,2528.577,1411.609,55.8262,28.72,19,30.144,True
LCG_Xor,sample_03.txt,1000,2445.94,1433.6728,58.6144,24.28,19,30.144,True
LCG_Xor,sample_04.txt,1000,2568.283,1443.3934,56.2007,24.24,19,30.144,True
LCG_Xor,sample_05.txt,1000,2472.836,1423.9943,57.5855,23.52,19,30.144,True
LCG_Xor,sample_06.txt,1000,2517.595,1433.2386,56.9289,23.28,19,30.144,True
LCG_Xor,sample_07.txt,1000,2506.68,1461.5932,58.3079,18.12,19,30.144,True
LCG_Xor,sample_08.txt,1000,2555.53,1411.6964,55.2408,27.64,19,30.144,True
LCG_Xor,sample_09.txt,1000,2497.382,1425.0592,57.0621,21.16,19,30.144,True
LCG_Xor,sample_10.txt,1000,2497.002,1448.764,58.0201,9.32,19,30.144,True
LCG_Xor,sample_11.txt,1000,2553.35,1444.945,56.5902,19.8,19,30.144,True
LCG_Xor,sample_12.txt,1000,2481.086,1415.5087,57.052,15.84,19,30.144,True
LCG_Xor,sample_13.txt,1000,2547.677,1440.3805,56.537,25.64,19,30.144,True
LCG_Xor,sample_14.txt,1000,2416.525,1422.7944,58.8777,30.44,19,30.144,False
LCG_Xor,sample_15.txt,1000,2485.138,1414.1842,56.9057,25.72,19,30.144,True
LCG_Xor,sample_16.txt,1000,2462.607,1438.4073,58.4099,33.16,19,30.144,False
LCG_Xor,sample_17.txt,1000,2522.783,1437.2154,56.9694,16.6,19,30.144,True
LCG_Xor,sample_18.txt,1000,2491.018,1477.1668,59.2997,19.56,19,30.144,True
LCG_Xor,sample_19.txt,1000,2393.829,1419.196,59.2856,33.52,19,30.144,False
MidSquare_Improved,sample_00.txt,1000,2459.964,1460.7348,59.3803,14.44,19,30.144,True
MidSquare_Improved,sample_01.txt,1000,2600.831,1452.8996,55.8629,18.96,19,30.144,True
MidSquare_Improved,sample_02.txt,1000,2558.786,1441.3542,56.3296,15.44,19,30.144,True
MidSquare_Improved,sample_03.txt,1000,2517.171,1411.0125,56.0555,22.88,19,30.144,True
MidSquare_Improved,sample_04.txt,1000,2521.062,1444.8118,57.3097,9.4,19,30.144,True
MidSquare_Improved,sample_05.txt,1000,2441.809,1419.8781,58.1486,21.44,19,30.144,True
MidSquare_Improved,sample_06.txt,1000,2367.18,1406.1094,59.4002,34.96,19,30.144,False
MidSquare_Improved,sample_07.txt,1000,2505.528,1444.553,57.6546,15.92,19,30.144,True
MidSquare_Improved,sample_08.txt,1000,2550.852,1458.3848,57.1725,11.56,19,30.144,True
MidSquare_Improved,sample_09.txt,1000,2476.015,1409.7323,56.9355,11.24,19,30.144,True
MidSquare_Improved,sample_10.txt,1000,2484.915,1417.6221,57.0491,15.04,19,30.144,True
MidSquare_Improved,sample_11.txt,1000,2443.31,1451.3014,59.399,21.36,19,30.144,True
MidSquare_Improved,sample_12.txt,1000,2537.607,1392.7053,54.8826,17.64,19,30.144,True
MidSquare_Improved,sample_13.txt,1000,2439.103,1432.7471,58.7407,18.56,19,30.144,True
MidSquare_Improved,sample_14.txt,1000,2444.223,1389.3714,56.8431,18.92,19,30.144,True
MidSquare_Improved,sample_15.txt,1000,2576.594,1455.1297,56.4749,25.44,19,30.144,True
MidSquare_Improved,sample_16.txt,1000,2535.11,1397.5257,55.1268,25.44,19,30.144,True
MidSquare_Improved,sample_17.txt,1000,2449.81,1449.2001,59.1556,19.28,19,30.144,True
MidSquare_Improved,sample_18.txt,1000,2578.227,1401.9727,54.3774,25.76,19,30.144,True
MidSquare_Improved,sample_19.txt,1000,2511.442,1451.7903,57.807,25.64,19,30.144,True
XorShift32_StarPlus,sample_00.txt,1000,2467.568,1437.6462,58.2617,6.72,19,30.144,True
XorShift32_StarPlus,sample_01.txt,1000,2415.512,1430.6028,59.2257,22.2,19,30.144,True
XorShift32_StarPlus,sample_02.txt,1000,2494.856,1445.6191,57.944,9.96,19,30.144,True
XorShift32_StarPlus,sample_03.txt,1000,2466.16,1444.5547,58.5751,8.08,19,30.144,True
XorShift32_StarPlus,sample_04.txt,1000,2515.151,1416.1058,56.303,22.44,19,30.144,True
XorShift32_StarPlus,sample_05.txt,1000,2541.161,1424.2603,56.0476,14.56,19,30.144,True
XorShift32_StarPlus,sample_06.txt,1000,2465.972,1459.0024,59.1654,24.76,19,30.144,True
XorShift32_StarPlus,sample_07.txt,1000,2521.711,1457.6735,57.8049,21.16,19,30.144,True
XorShift32_StarPlus,sample_08.txt,1000,2414.912,1462.6611,60.5679,29.04,19,30.144,True
XorShift32_StarPlus,sample_09.txt,1000,2519.64,1469.3726,58.3168,10.96,19,30.144,True
XorShift32_StarPlus,sample_10.txt,1000,2434.412,1411.8909,57.9972,22.64,19,30.144,True
XorShift32_StarPlus,sample_11.txt,1000,2412.769,1437.8327,59.5926,26.72,19,30.144,True
XorShift32_StarPlus,sample_12.txt,1000,2450.303,1454.589,59.3636,12.6,19,30.144,True
XorShift32_StarPlus,sample_13.txt,1000,2538.176,1439.9707,56.7325,16.68,19,30.144,True
XorShift32_StarPlus,sample_14.txt,1000,2554.079,1453.0839,56.8927,17.12,19,30.144,True
XorShift32_StarPlus,sample_15.txt,1000,2485.732,1442.808,58.0436,20.88,19,30.144,True
XorShift32_StarPlus,sample_16.txt,1000,2474.864,1442.0595,58.2682,14.36,19,30.144,True
XorShift32_StarPlus,sample_17.txt,1000,2451.554,1439.4739,58.7168,18.72,19,30.144,True
XorShift32_StarPlus,sample_18.txt,1000,2489.814,1459.9768,58.638,20.56,19,30.144,True
XorShift32_StarPlus,sample_19.txt,1000,2492.362,1446.8201,58.0502,16.24,19,30.144,True
